{
    "name": "root",
    "gauges": {
        "ObstacleAvoidance.Policy.Entropy.mean": {
            "value": 2.0521087646484375,
            "min": 1.9712539911270142,
            "max": 3.2767293453216553,
            "count": 200
        },
        "ObstacleAvoidance.Policy.Entropy.sum": {
            "value": 10527.318359375,
            "min": 8965.7998046875,
            "max": 18726.5078125,
            "count": 200
        },
        "ObstacleAvoidance.Environment.EpisodeLength.mean": {
            "value": 102.40425531914893,
            "min": 70.54098360655738,
            "max": 699.25,
            "count": 200
        },
        "ObstacleAvoidance.Environment.EpisodeLength.sum": {
            "value": 4813.0,
            "min": 2656.0,
            "max": 8728.0,
            "count": 200
        },
        "ObstacleAvoidance.Step.mean": {
            "value": 999887.0,
            "min": 4982.0,
            "max": 999887.0,
            "count": 200
        },
        "ObstacleAvoidance.Step.sum": {
            "value": 999887.0,
            "min": 4982.0,
            "max": 999887.0,
            "count": 200
        },
        "ObstacleAvoidance.Policy.ExtrinsicValueEstimate.mean": {
            "value": 0.5919390320777893,
            "min": -0.1748519092798233,
            "max": 0.6198323965072632,
            "count": 200
        },
        "ObstacleAvoidance.Policy.ExtrinsicValueEstimate.sum": {
            "value": 38.476036071777344,
            "min": -9.754786491394043,
            "max": 41.16474533081055,
            "count": 200
        },
        "ObstacleAvoidance.Environment.CumulativeReward.mean": {
            "value": 0.9574468085106383,
            "min": -1.0,
            "max": 1.0,
            "count": 200
        },
        "ObstacleAvoidance.Environment.CumulativeReward.sum": {
            "value": 45.0,
            "min": -33.0,
            "max": 48.0,
            "count": 200
        },
        "ObstacleAvoidance.Policy.ExtrinsicReward.mean": {
            "value": 0.9574468085106383,
            "min": -1.0,
            "max": 1.0,
            "count": 200
        },
        "ObstacleAvoidance.Policy.ExtrinsicReward.sum": {
            "value": 45.0,
            "min": -33.0,
            "max": 48.0,
            "count": 200
        },
        "ObstacleAvoidance.Losses.PolicyLoss.mean": {
            "value": 0.06706812592730987,
            "min": 0.05493041655745401,
            "max": 0.0776393633987027,
            "count": 200
        },
        "ObstacleAvoidance.Losses.PolicyLoss.sum": {
            "value": 0.20120437778192962,
            "min": 0.10986083311490802,
            "max": 0.2266825680684027,
            "count": 200
        },
        "ObstacleAvoidance.Losses.ValueLoss.mean": {
            "value": 0.019336761680379923,
            "min": 0.004958435284303656,
            "max": 0.08125997342479725,
            "count": 200
        },
        "ObstacleAvoidance.Losses.ValueLoss.sum": {
            "value": 0.05801028504113977,
            "min": 0.009916870568607312,
            "max": 0.24377992027439177,
            "count": 200
        },
        "ObstacleAvoidance.Policy.LearningRate.mean": {
            "value": 8.200997266666651e-07,
            "min": 8.200997266666651e-07,
            "max": 0.00029907105030965004,
            "count": 200
        },
        "ObstacleAvoidance.Policy.LearningRate.sum": {
            "value": 2.4602991799999953e-06,
            "min": 2.4602991799999953e-06,
            "max": 0.0008887116037628001,
            "count": 200
        },
        "ObstacleAvoidance.Policy.Epsilon.mean": {
            "value": 0.10027333333333333,
            "min": 0.10027333333333333,
            "max": 0.19969035000000002,
            "count": 200
        },
        "ObstacleAvoidance.Policy.Epsilon.sum": {
            "value": 0.30082,
            "min": 0.20158700000000002,
            "max": 0.5962372,
            "count": 200
        },
        "ObstacleAvoidance.Policy.Beta.mean": {
            "value": 2.3639333333333316e-05,
            "min": 2.3639333333333316e-05,
            "max": 0.004984548465,
            "count": 200
        },
        "ObstacleAvoidance.Policy.Beta.sum": {
            "value": 7.091799999999995e-05,
            "min": 7.091799999999995e-05,
            "max": 0.01481223628,
            "count": 200
        },
        "ObstacleAvoidance.IsTraining.mean": {
            "value": 1.0,
            "min": 1.0,
            "max": 1.0,
            "count": 200
        },
        "ObstacleAvoidance.IsTraining.sum": {
            "value": 1.0,
            "min": 1.0,
            "max": 1.0,
            "count": 200
        }
    },
    "metadata": {
        "timer_format_version": "0.1.0",
        "start_time_seconds": "1645275788",
        "python_version": "3.7.9 (tags/v3.7.9:13c94747c7, Aug 17 2020, 18:58:18) [MSC v.1900 64 bit (AMD64)]",
        "command_line_arguments": "C:\\Users\\jakob\\Desktop\\ML-Agents\\venv\\Scripts\\mlagents-learn config/ObstacleAvoidance.yaml --run-id=ObstacleAvoidance02 --force",
        "mlagents_version": "0.28.0",
        "mlagents_envs_version": "0.28.0",
        "communication_protocol_version": "1.5.0",
        "pytorch_version": "1.10.2+cu113",
        "numpy_version": "1.21.5",
        "end_time_seconds": "1645277491"
    },
    "total": 1703.3123667,
    "count": 1,
    "self": 0.0087369000000308,
    "children": {
        "run_training.setup": {
            "total": 0.09713529999999992,
            "count": 1,
            "self": 0.09713529999999992
        },
        "TrainerController.start_learning": {
            "total": 1703.2064945,
            "count": 1,
            "self": 3.3938687000127175,
            "children": {
                "TrainerController._reset_env": {
                    "total": 7.948377099999999,
                    "count": 1,
                    "self": 7.948377099999999
                },
                "TrainerController.advance": {
                    "total": 1691.7098362999875,
                    "count": 116568,
                    "self": 1.7976060999994843,
                    "children": {
                        "env_step": {
                            "total": 1689.912230199988,
                            "count": 116568,
                            "self": 930.7416002000092,
                            "children": {
                                "SubprocessEnvManager._take_step": {
                                    "total": 757.420019199989,
                                    "count": 116568,
                                    "self": 7.6353666000014755,
                                    "children": {
                                        "TorchPolicy.evaluate": {
                                            "total": 749.7846525999876,
                                            "count": 111170,
                                            "self": 241.09958379994055,
                                            "children": {
                                                "TorchPolicy.sample_actions": {
                                                    "total": 508.685068800047,
                                                    "count": 111170,
                                                    "self": 508.685068800047
                                                }
                                            }
                                        }
                                    }
                                },
                                "workers": {
                                    "total": 1.750610799989774,
                                    "count": 116568,
                                    "self": 0.0,